{"cameraMode":{"drawMode":0,"name":"Shaded","section":"Shading Mode"},"sceneLighting":false,"audioPlay":false,"sceneViewState":{"showFog":true,"showMaterialUpdate":false,"showSkybox":true,"showFlares":true,"showImageEffects":true,"showParticleSystems":true},"in2DMode":false,"pivot":{"x":-0.03866267204284668,"y":0.004049509763717651,"z":9.506292343139649},"rotation":{"x":0.6805435419082642,"y":-0.0008849376463331282,"z":0.0008152865921147168,"w":0.7327146530151367},"size":3.127753973007202,"orthographic":false}